{
  "fixer.mjs": 1775974510.1255753,
  "fix_rest.mjs": 1775974712.0687754,
  "fix_retirement.mjs": 1775974671.4131377,
  "refactor_html.mjs": 1775974418.5663912,
  "refactor_js.mjs": 1775974479.6218472,
  "refactor_js_batch2.mjs": 1775974646.9393559,
  "refactor_ui.mjs": 1775974618.883606,
  "service-worker.js": 1776324024.0021164,
  "smoke-test.mjs": 1776325060.7008767,
  "scripts/affordability.js": 1775974647.0573547,
  "scripts/app.js": 1776324037.5519955,
  "scripts/balance-transfer.js": 1776323943.8528306,
  "scripts/cagr.js": 1776323528.0845363,
  "scripts/education.js": 1776323872.701465,
  "scripts/emi.js": 1776323977.7625284,
  "scripts/fd.js": 1776323977.4215314,
  "scripts/finance.js": 1776324288.9697547,
  "scripts/gratuity.js": 1775974647.0613546,
  "scripts/gst.js": 1776323943.827831,
  "scripts/income-tax.js": 1776324573.9122152,
  "scripts/inflation.js": 1776324559.356345,
  "scripts/lumpsum.js": 1776323961.6006725,
  "scripts/main.js": 1776324336.2423334,
  "scripts/mutual-fund.js": 1776324402.2997448,
  "scripts/pomis.js": 1776323550.213339,
  "scripts/ppf.js": 1776323961.2456758,
  "scripts/rd.js": 1776323943.8538308,
  "scripts/retirement.js": 1776323943.8768306,
  "scripts/sip.js": 1776323961.4146743,
  "scripts/ssy.js": 1776323540.3234272,
  "scripts/step-up-sip.js": 1776324231.2872689,
  "scripts/ui.js": 1776323791.684187,
  "scripts/util.js": 1776323360.815027,
  "CLAUDE.md": 1776058754.341736,
  "index.html": 1775974219.324167,
  "robots.txt": 1761663611.5910056,
  "pages/affordability.html": 1775975362.3829792,
  "pages/balance-transfer.html": 1776323886.4243426,
  "pages/cagr.html": 1776325225.132411,
  "pages/education.html": 1775975362.3829792,
  "pages/emi.html": 1775974251.4738805,
  "pages/fd.html": 1776323440.5523164,
  "pages/gratuity.html": 1776209615.4967997,
  "pages/gst.html": 1776325227.5523896,
  "pages/income-tax.html": 1775974619.1396036,
  "pages/inflation.html": 1775974619.1486034,
  "pages/lumpsum.html": 1775975362.390561,
  "pages/mutual-fund.html": 1776324381.8219273,
  "pages/pomis.html": 1776325222.012439,
  "pages/ppf.html": 1776209583.8140821,
  "pages/prepayment.html": 1776323815.234977,
  "pages/rd.html": 1775975362.390561,
  "pages/retirement.html": 1776209608.2108648,
  "pages/sip.html": 1775974432.075271,
  "pages/ssy.html": 1776325223.571425,
  "pages/step-up-sip.html": 1775974989.1723056,
  "favicon.svg": 1761660172.7977507
}